area,disruption,greatest_sector,totaldisrupt,dis,totalEmployed
33124,0.7181101872579327,"Electronic equipment installers and repairers, motor vehicles",,808391.0,1125720.0
44700,0.9881934691011236,"Switchboard operators, including answering service",,225150.0,227840.0
5100004,0.7112097150864082,Sewing machine operators,,45681.0,64230.0
21780,1.1986210051630612,"Postal service mail sorters, processors, and processing machine operators",,183401.0,153010.0
73604,0.5815533980582525,Postal service clerks,,37737.0,64890.0
0600002,0.46524064171123,"Cooks, fast food",,6090.0,13090.0
19060,0.32294946147473075,Postal service clerks,,11694.0,36210.0
71950,0.6849703944226913,"Postal service mail sorters, processors, and processing machine operators",,286893.0,418840.0
38940,0.5369078947368421,"Switchboard operators, including answering service",,73449.0,136800.0
31900,0.8085798816568047,"Switchboard operators, including answering service",,40995.0,50700.0
33460,0.8425520219866509,"Electronic equipment installers and repairers, motor vehicles",,1609485.0,1910250.0
42700,0.3263473053892216,Postal service mail carriers,,8175.0,25050.0
34940,0.4710852095851734,"Switchboard operators, including answering service",,65071.0,138130.0
4000001,0.8573914541695382,"Switchboard operators, including answering service",,99526.0,116080.0
3900004,0.8188168256610538,"Switchboard operators, including answering service",,127891.0,156190.0
22900,0.9185060504048768,"Switchboard operators, including answering service",,100953.0,109910.0
1300004,0.9096560988715744,"Switchboard operators, including answering service",,169287.0,186100.0
46220,0.6633931255636837,"Switchboard operators, including answering service",,66200.0,99790.0
15680,0.4137954545454545,Postal service clerks,,18207.0,44000.0
5500002,1.163973529557015,"Switchboard operators, including answering service",,235693.0,202490.0
3800002,0.5593208942679442,Postal service clerks,,33274.0,59490.0
47300,1.9595945760854678,"Switchboard operators, including answering service",,286140.0,146020.0
10540,0.7376084407971863,Postal service clerks,,31459.0,42650.0
11500,0.7116160388821385,Postal service clerks,,29283.0,41150.0
1600002,0.5082635983263598,Postal service clerks,,9718.0,19120.0
28100,0.368017471487503,Postal service clerks,,15166.0,41210.0
0100002,1.731378480577518,"Switchboard operators, including answering service",,251829.0,145450.0
72400,0.657920792079208,"Postal service mail sorters, processors, and processing machine operators",,81069.0,123220.0
13780,0.7295313881520779,"Switchboard operators, including answering service",,74259.0,101790.0
76600,0.5247529644268775,Postal service clerks,,21242.0,40480.0
2500002,0.2751111111111111,"Bookkeeping, accounting, and auditing clerks",,2476.0,9000.0
0900001,0.9344203972724577,Sewing machine operators,,31518.0,33730.0
45500,0.487385936661299,"Switchboard operators, including answering service",,27240.0,55890.0
27060,0.5069578968175529,Postal service clerks,,25647.0,50590.0
21820,0.39501078748651564,Postal service mail carriers,,14647.0,37080.0
21140,1.5684447250059181,"Switchboard operators, including answering service",,198769.0,126730.0
3300004,0.5825038481272448,"Switchboard operators, including answering service",,22706.0,38980.0
3700002,0.6200083804734967,"Switchboard operators, including answering service",,59186.0,95460.0
31540,0.7313310115478279,"Postal service mail sorters, processors, and processing machine operators",,279288.0,381890.0
2800004,0.7094953426942862,"Switchboard operators, including answering service",,51034.0,71930.0
12940,0.6504697206929643,"Postal service mail sorters, processors, and processing machine operators",,257573.0,395980.0
2000002,0.7121036988110965,"Switchboard operators, including answering service",,43125.0,60560.0
4100004,0.5311713030746705,Postmasters and mail superintendents,,36279.0,68300.0
12260,0.7636962924867923,"Postal service mail sorters, processors, and processing machine operators",,163347.0,213890.0
47220,0.664572192513369,"Switchboard operators, including answering service",,39768.0,59840.0
22380,0.3064753966981888,"Switchboard operators, including answering service",,19121.0,62390.0
47460,0.3358089120835006,Postal service mail carriers,,8365.0,24910.0
3800003,0.5970260223048327,Postmasters and mail superintendents,,24090.0,40350.0
41980,0.8429639002605136,"Electronic equipment installers and repairers, motor vehicles",,566261.0,671750.0
27780,0.536668519547897,"Postal service mail sorters, processors, and processing machine operators",,28964.0,53970.0
3000003,0.5882410917361638,Sewing machine operators,,77589.0,131900.0
4600002,1.2176109680351461,"Postal service mail sorters, processors, and processing machine operators",,160749.0,132020.0
28940,0.8477413617221626,"Postal service mail sorters, processors, and processing machine operators",,324100.0,382310.0
24860,1.2227545817135357,"Postal service mail sorters, processors, and processing machine operators",,484382.0,396140.0
30780,0.6903758692526628,"Postal service mail sorters, processors, and processing machine operators",,235287.0,340810.0
1600004,0.5529575653664809,Postal service clerks,,25801.0,46660.0
1300001,1.6838479959667254,"Switchboard operators, including answering service",,267193.0,158680.0
4800004,0.7105938340575212,"Switchboard operators, including answering service",,137372.0,193320.0
48864,0.7409688581314879,"Electronic equipment installers and repairers, motor vehicles",,256968.0,346800.0
2000003,0.7997081642821553,"Switchboard operators, including answering service",,112351.0,140490.0
73450,0.7767314451106058,"Postal service mail sorters, processors, and processing machine operators",,450846.0,580440.0
76524,0.4959519291587603,"Switchboard operators, including answering service",,47046.0,94860.0
5100002,0.742014468558709,"Switchboard operators, including answering service",,80004.0,107820.0
39540,0.8370604026845637,Postal service clerks,,62361.0,74500.0
0600001,0.6081688733449913,Postal service clerks,,24345.0,40030.0
48900,0.3911408850994722,"Switchboard operators, including answering service",,48169.0,123150.0
0600005,0.7854950964884531,"Switchboard operators, including answering service",,49659.0,63220.0
16300,0.6256604834176503,"Postal service mail sorters, processors, and processing machine operators",,89044.0,142320.0
29020,0.26803629947063273,Postal service mail carriers,,10633.0,39670.0
37964,0.6851784892142881,Telephone operators,,610172.0,890530.0
1800003,1.1974238375200428,"Switchboard operators, including answering service",,224038.0,187100.0
34620,0.5190688349298285,"Postal service mail sorters, processors, and processing machine operators",,23301.0,44890.0
7200002,0.2753764393268379,Sewing machine operators,,3109.0,11290.0
42680,0.6455431177446103,"Switchboard operators, including answering service",,31141.0,48240.0
40340,0.432583093431039,Postal service clerks,,49587.0,114630.0
3600002,0.5486305361305361,Sewing machine operators,,18829.0,34320.0
16974,0.7832443797064805,"Electronic equipment installers and repairers, motor vehicles",,2849913.0,3638600.0
2800003,0.7851477295260757,"Switchboard operators, including answering service",,118785.0,151290.0
3000001,0.4966127098321343,Postmasters and mail superintendents,,16567.0,33360.0
16820,0.542539037235517,"Switchboard operators, including answering service",,58719.0,108230.0
42034,0.4969181150331482,"Switchboard operators, including answering service",,55466.0,111620.0
30980,0.6656050955414012,"Switchboard operators, including answering service",,63745.0,95770.0
47260,0.6112894487335772,"Postal service mail sorters, processors, and processing machine operators",,451315.0,738300.0
22520,0.9770907724112009,"Switchboard operators, including answering service",,51991.0,53210.0
78700,0.954154476301931,"Switchboard operators, including answering service",,65226.0,68360.0
44940,0.6048562656991348,Postal service mail carriers,,21672.0,35830.0
42140,0.4987036136768757,"Switchboard operators, including answering service",,30775.0,61710.0
0200002,0.4673405698778833,"Switchboard operators, including answering service",,34443.0,73700.0
2800002,0.8448069105691057,"Switchboard operators, including answering service",,83129.0,98400.0
49740,1.5952820851204224,"Switchboard operators, including answering service",,96706.0,60620.0
45460,0.8020374283127075,"Switchboard operators, including answering service",,53143.0,66260.0
30140,0.6730753396459448,"Switchboard operators, including answering service",,32698.0,48580.0
27860,0.652819653824679,"Switchboard operators, including answering service",,35076.0,53730.0
17420,0.5123578631195023,Sewing machine operators,,23881.0,46610.0
21060,0.545921052631579,"Switchboard operators, including answering service",,29043.0,53200.0
41660,0.39812246639641563,Sewing machine operators,,18660.0,46870.0
43524,0.5140476108569266,"Postal service mail sorters, processors, and processing machine operators",,298857.0,581380.0
15260,0.4526778979129997,"Switchboard operators, including answering service",,18003.0,39770.0
10900,0.7924020298844093,"Postal service mail sorters, processors, and processing machine operators",,281065.0,354700.0
41740,0.7820505796182018,"Postal service mail sorters, processors, and processing machine operators",,1084798.0,1387120.0
1200001,0.38617200674536256,Postal service clerks,,11450.0,29650.0
5600002,0.4884127245755728,"Switchboard operators, including answering service",,29632.0,60670.0
30300,0.3393430099312452,"Switchboard operators, including answering service",,8884.0,26180.0
49420,1.1045710928319623,"Postal service mail sorters, processors, and processing machine operators",,93999.0,85100.0
27900,0.546863228990778,"Switchboard operators, including answering service",,42103.0,76990.0
16740,0.9182664725593735,"Electronic equipment installers and repairers, motor vehicles",,1065988.0,1160870.0
41884,0.7047060807961542,"Postal service mail sorters, processors, and processing machine operators",,752013.0,1067130.0
26900,0.8458759534086205,Telephone operators,,858378.0,1014780.0
73050,0.544933489827856,Postal service clerks,,27857.0,51120.0
21660,0.708961163716207,"Postal service mail sorters, processors, and processing machine operators",,103324.0,145740.0
27100,0.7570969379123668,Postal service clerks,,44752.0,59110.0
16620,0.6586870551015027,"Postal service mail sorters, processors, and processing machine operators",,74952.0,113790.0
17460,1.0084815214958,"Electronic equipment installers and repairers, motor vehicles",,1036124.0,1027410.0
27740,0.5400307141028923,"Postal service mail sorters, processors, and processing machine operators",,42198.0,78140.0
3500002,0.5616968762051677,"Switchboard operators, including answering service",,72824.0,129650.0
4000004,0.9921208882555516,"Switchboard operators, including answering service",,167093.0,168420.0
40140,0.8989071078359414,"Postal service mail sorters, processors, and processing machine operators",,1224707.0,1362440.0
17860,0.4898658230609796,"Postal service mail sorters, processors, and processing machine operators",,44906.0,91670.0
35380,0.6542537179716896,"Postal service mail sorters, processors, and processing machine operators",,365139.0,558100.0
2800001,1.4605816184164633,"Switchboard operators, including answering service",,334999.0,229360.0
19804,0.8929691522074886,"Postal service mail sorters, processors, and processing machine operators",,641768.0,718690.0
20524,0.49751905652236444,"Switchboard operators, including answering service",,69185.0,139060.0
17820,0.5274416530399881,"Postal service mail sorters, processors, and processing machine operators",,141924.0,269080.0
3200001,0.6360952568392049,Postal service clerks,,32320.0,50810.0
3700001,0.9550757942267376,"Switchboard operators, including answering service",,236897.0,248040.0
47940,0.6260687627233658,"Postal service mail sorters, processors, and processing machine operators",,55357.0,88420.0
2000001,0.5827859275606906,Postmasters and mail superintendents,,44892.0,77030.0
2500004,0.441747572815534,Postal service mail carriers,,2730.0,6180.0
37460,0.39511774133892247,Postal service clerks,,32048.0,81110.0
17020,0.6319837508463101,"Switchboard operators, including answering service",,46672.0,73850.0
1700004,0.6443867976597859,Sewing machine operators,,58375.0,90590.0
36260,0.7342242690900119,"Switchboard operators, including answering service",,178556.0,243190.0
1900003,0.6864957466918714,Sewing machine operators,,58105.0,84640.0
25020,0.3072398190045249,Word processors and typists,,3395.0,11050.0
26420,0.7504437834541174,"Electronic equipment installers and repairers, motor vehicles",,2202545.0,2934990.0
41100,0.3186679953496097,"Switchboard operators, including answering service",,19187.0,60210.0
48660,0.49925173703901654,Sewing machine operators,,28023.0,56130.0
29820,0.6714577409078275,"Postal service mail sorters, processors, and processing machine operators",,628095.0,935420.0
2200002,0.5248566696394446,"Switchboard operators, including answering service",,41196.0,78490.0
33874,0.7523864447203026,"Electronic equipment installers and repairers, motor vehicles",,769744.0,1023070.0
33260,0.4599028227672374,"Postal service mail sorters, processors, and processing machine operators",,39754.0,86440.0
4800005,0.444908933217693,Postal service clerks,,25649.0,57650.0
31180,0.5609811751283514,"Postal service mail sorters, processors, and processing machine operators",,78672.0,140240.0
16060,0.5216682646212848,"Switchboard operators, including answering service",,27205.0,52150.0
49180,1.0180947230163022,"Postal service mail sorters, processors, and processing machine operators",,263544.0,258860.0
39660,0.7280159216166565,"Postal service mail sorters, processors, and processing machine operators",,47554.0,65320.0
25220,0.34140418369800435,Postal service clerks,,14199.0,41590.0
36100,0.5704787234042553,"Switchboard operators, including answering service",,55770.0,97760.0
27500,0.7192966219342897,Sewing machine operators,,46632.0,64830.0
39340,0.5845407768316562,"Postal service mail sorters, processors, and processing machine operators",,128371.0,219610.0
16700,0.6830551402154343,"Postal service mail sorters, processors, and processing machine operators",,223844.0,327710.0
13460,0.49154122818702545,"Switchboard operators, including answering service",,36900.0,75070.0
34740,0.9919028999674161,"Pourers and casters, metal",,60883.0,61380.0
77200,0.9503936172094751,Telephone operators,,537229.0,565270.0
12060,0.8472019331315086,"Electronic equipment installers and repairers, motor vehicles",,2163220.0,2553370.0
34900,0.7583580613254204,"Switchboard operators, including answering service",,53669.0,70770.0
46060,0.6046822276137093,"Electronic equipment installers and repairers, motor vehicles",,216833.0,358590.0
15380,0.826216689147315,"Postal service mail sorters, processors, and processing machine operators",,453279.0,548620.0
29740,0.502771855010661,"Switchboard operators, including answering service",,35370.0,70350.0
25420,0.7643488342943093,"Postal service mail sorters, processors, and processing machine operators",,243919.0,319120.0
35084,0.7825539925563241,Telephone operators,,906221.0,1158030.0
38060,0.739876917035261,"Electronic equipment installers and repairers, motor vehicles",,1431869.0,1935280.0
74804,0.6120415041966824,"Switchboard operators, including answering service",,92608.0,151310.0
41180,0.8590513716452308,"Postal service mail sorters, processors, and processing machine operators",,1155510.0,1345100.0
1700001,0.9082337218798723,"Switchboard operators, including answering service",,122330.0,134690.0
29620,0.6694790046656298,"Postal service mail sorters, processors, and processing machine operators",,137752.0,205760.0
36740,0.5939446780866414,"Electronic equipment installers and repairers, motor vehicles",,694844.0,1169880.0
22420,0.5953867833568197,Telephone operators,,80276.0,134830.0
26620,0.7140795381654907,"Postal service mail sorters, processors, and processing machine operators",,155855.0,218260.0
37860,0.6224922909486668,"Postal service mail sorters, processors, and processing machine operators",,102954.0,165390.0
32900,1.1831121281464532,Postal service clerks,,77553.0,65550.0
12540,1.7573454397061825,"Postal service mail sorters, processors, and processing machine operators",,516765.0,294060.0
4800006,0.5828633553033906,"Switchboard operators, including answering service",,85780.0,147170.0
2900004,0.756210410355274,"Switchboard operators, including answering service",,54916.0,72620.0
1600003,0.6416329724794574,Postal service clerks,,49194.0,76670.0
27180,0.6888035126234907,"Switchboard operators, including answering service",,43925.0,63770.0
5100001,1.0454821685590916,"Switchboard operators, including answering service",,130748.0,125060.0
1300003,0.7980810488676996,"Switchboard operators, including answering service",,66959.0,83900.0
10380,0.596930126002291,Word processors and typists,,26056.0,43650.0
44300,0.3764551038315297,Postal service clerks,,25742.0,68380.0
27980,0.5154068169323804,"Switchboard operators, including answering service",,37501.0,72760.0
21300,0.531669439822518,"Switchboard operators, including answering service",,19172.0,36060.0
4900001,0.23155177649559672,Postal service clerks,,7625.0,32930.0
16580,0.6373073389813209,"Postal service mail sorters, processors, and processing machine operators",,62437.0,97970.0
4100002,0.5721825520024837,Postal service clerks,,36860.0,64420.0
15804,0.7581629102717748,"Postal service mail sorters, processors, and processing machine operators",,392228.0,517340.0
31740,0.4869381279746166,Postal service mail carriers,,18416.0,37820.0
23060,1.085100259495164,"Postal service mail sorters, processors, and processing machine operators",,229987.0,211950.0
10420,1.016258324677705,"Postal service mail sorters, processors, and processing machine operators",,332662.0,327340.0
43100,1.5714212939378502,"Switchboard operators, including answering service",,92541.0,58890.0
10500,0.42874806800618237,"Switchboard operators, including answering service",,24966.0,58230.0
0100003,0.9143258426966292,Sewing machine operators,,61845.0,67640.0
17980,0.6227333511634127,"Switchboard operators, including answering service",,69852.0,112170.0
45104,0.6351536791990479,"Postal service mail sorters, processors, and processing machine operators",,181438.0,285660.0
4100003,0.5714950853595447,"Switchboard operators, including answering service",,33141.0,57990.0
3800004,0.5950459448661606,Postal service clerks,,14894.0,25030.0
2400002,0.32079021636876764,Postal service mail carriers,,3410.0,10630.0
74500,0.7510370961308337,"Switchboard operators, including answering service",,37657.0,50140.0
49660,1.0283606179386673,"Postal service mail sorters, processors, and processing machine operators",,223000.0,216850.0
43900,1.1440903334740398,"Switchboard operators, including answering service",,162621.0,142140.0
74950,0.7149421128798842,"Postal service mail sorters, processors, and processing machine operators",,79044.0,110560.0
41060,0.7437798809639965,"Postal service mail sorters, processors, and processing machine operators",,76230.0,102490.0
17300,0.7383705805841315,"Switchboard operators, including answering service",,62444.0,84570.0
2100004,0.5895014662756598,"Switchboard operators, including answering service",,60306.0,102300.0
39740,0.8641128563118092,"Switchboard operators, including answering service",,148541.0,171900.0
44420,0.6919304129113394,Postal service clerks,,33012.0,47710.0
2100003,0.8490966178252727,"Switchboard operators, including answering service",,154145.0,181540.0
2500001,0.4089182968929804,Postal service clerks,,7107.0,17380.0
30700,0.7993208925412315,"Postal service mail sorters, processors, and processing machine operators",,140065.0,175230.0
23104,0.7968376826669115,"Postal service mail sorters, processors, and processing machine operators",,781387.0,980610.0
5300001,0.44409575538121104,"Switchboard operators, including answering service",,22076.0,49710.0
74204,0.5423216748150934,"Switchboard operators, including answering service",,43261.0,79770.0
25620,0.5926244725738397,"Switchboard operators, including answering service",,35113.0,59250.0
19140,3.898404333186942,"Switchboard operators, including answering service",,266300.0,68310.0
70900,0.5914041801589638,"Switchboard operators, including answering service",,60270.0,101910.0
4200001,1.0468683343028893,"Switchboard operators, including answering service",,161961.0,154710.0
15180,0.5239465271723336,"Switchboard operators, including answering service",,72116.0,137640.0
4100001,0.4251894374282434,Postal service clerks,,18517.0,43550.0
16860,0.9650526315789474,"Postal service mail sorters, processors, and processing machine operators",,229200.0,237500.0
14100,0.6346208530805687,Sewing machine operators,,26781.0,42200.0
44180,0.6986982660108312,"Postal service mail sorters, processors, and processing machine operators",,140627.0,201270.0
5300004,0.6599932134373939,Postal service clerks,,38900.0,58940.0
2200003,0.5362171202675992,"Switchboard operators, including answering service",,35267.0,65770.0
48300,0.5070577237672353,"Postal service mail sorters, processors, and processing machine operators",,21697.0,42790.0
45780,0.8445337941117831,"Postal service mail sorters, processors, and processing machine operators",,254154.0,300940.0
18880,0.36107388883646313,Sewing machine operators,,38263.0,105970.0
1300002,1.1133542074363991,"Switchboard operators, including answering service",,142231.0,127750.0
23420,1.3996607076668663,"Postal service mail sorters, processors, and processing machine operators",,490903.0,350730.0
10780,0.41991490754377353,"Switchboard operators, including answering service",,25661.0,61110.0
47020,0.4004326923076923,Postal service mail carriers,,16658.0,41600.0
22220,0.6534726094976621,"Postal service mail sorters, processors, and processing machine operators",,152331.0,233110.0
1900001,0.8332805698456668,Photographic process workers and processing machine operators,,84228.0,101080.0
20940,1.4791055854518464,Postal service clerks,,79709.0,53890.0
4600003,0.749507874015748,Postmasters and mail superintendents,,45690.0,60960.0
19340,0.7499861687413555,"Postal service mail sorters, processors, and processing machine operators",,135560.0,180750.0
16220,0.4392716535433071,"Postal service mail sorters, processors, and processing machine operators",,17852.0,40640.0
3300002,0.5873913942904427,"Switchboard operators, including answering service",,56789.0,96680.0
37900,0.6143832472748135,"Postal service mail sorters, processors, and processing machine operators",,107087.0,174300.0
19180,0.4533718689788054,Postal service mail carriers,,11765.0,25950.0
79600,0.8520764239365537,"Postal service mail sorters, processors, and processing machine operators",,236366.0,277400.0
36220,0.5116963366190966,Postal service mail carriers,,34780.0,67970.0
24300,0.3887904599659284,"Postal service mail sorters, processors, and processing machine operators",,22822.0,58700.0
19460,0.8085579641847314,Postal service clerks,,42894.0,53050.0
12100,0.547653830885272,Sewing machine operators,,68977.0,125950.0
47580,0.5535174418604651,"Switchboard operators, including answering service",,38082.0,68800.0
32780,0.5784862496957898,"Postal service mail sorters, processors, and processing machine operators",,47540.0,82180.0
34820,0.5150730716298578,"Switchboard operators, including answering service",,78595.0,152590.0
29200,0.5680158817690526,Postal service clerks,,51502.0,90670.0
39820,0.6316892114813593,"Postal service mail sorters, processors, and processing machine operators",,38293.0,60620.0
29404,0.7430575315112942,"Postal service mail sorters, processors, and processing machine operators",,297706.0,400650.0
12220,0.6734334445680386,Sewing machine operators,,36325.0,53940.0
1800001,1.6719418782786315,"Switchboard operators, including answering service",,360153.0,215410.0
21500,0.9055335026992696,"Postal service mail sorters, processors, and processing machine operators",,114061.0,125960.0
3700004,0.6031001589825119,"Switchboard operators, including answering service",,75870.0,125800.0
13380,0.5364366557137642,"Switchboard operators, including answering service",,44079.0,82170.0
43620,0.8868193690978501,"Postal service mail sorters, processors, and processing machine operators",,132411.0,149310.0
18020,1.100854700854701,Postal service mail carriers,,54096.0,49140.0
32580,0.5113571743222137,"Postal service mail sorters, processors, and processing machine operators",,127691.0,249710.0
1600001,0.6693024263431543,Sewing machine operators,,30895.0,46160.0
10180,0.5620075046904315,"Postal service mail sorters, processors, and processing machine operators",,35946.0,63960.0
13020,0.43000287935502446,Postal service mail carriers,,14934.0,34730.0
33660,0.7158125830492807,"Postal service mail sorters, processors, and processing machine operators",,123900.0,173090.0
23460,0.6125660272449264,Postal service mail carriers,,22034.0,35970.0
25980,0.3367103694874851,Postal service mail carriers,,5650.0,16780.0
42340,0.5133325282289717,"Switchboard operators, including answering service",,85013.0,165610.0
20740,0.8316317786754804,"Postal service mail sorters, processors, and processing machine operators",,67936.0,81690.0
25860,1.91671714112659,"Switchboard operators, including answering service",,284805.0,148590.0
72104,0.7551168105637379,"Postal service mail sorters, processors, and processing machine operators",,59473.0,78760.0
43420,0.3487258213079521,Postal service clerks,,11358.0,32570.0
30860,0.8036906528189911,"Switchboard operators, including answering service",,43335.0,53920.0
23844,0.8728942820647682,"Postal service mail sorters, processors, and processing machine operators",,232347.0,266180.0
76900,0.5273155244142763,Postal service clerks,,48165.0,91340.0
23900,0.5808214947498456,Sewing machine operators,,18807.0,32380.0
28660,0.5401036723370081,"Switchboard operators, including answering service",,73978.0,136970.0
28740,0.5667120954003407,Sewing machine operators,,33266.0,58700.0
37100,0.9425085017003401,"Switchboard operators, including answering service",,282696.0,299940.0
31020,0.5543368774482372,Postal service mail carriers,,19812.0,35740.0
1200002,0.5158228564956394,Postmasters and mail superintendents,,45542.0,88290.0
0500001,0.9288192357234865,"Switchboard operators, including answering service",,108161.0,116450.0
3500004,0.3884844473858372,"Bookkeeping, accounting, and auditing clerks",,5870.0,15110.0
24260,0.4952046500363284,"Switchboard operators, including answering service",,20447.0,41290.0
4000003,0.6825331648768161,Postmasters and mail superintendents,,43218.0,63320.0
33540,0.6360124180751984,"Postal service mail sorters, processors, and processing machine operators",,36876.0,57980.0
3600003,0.781978601085915,"Switchboard operators, including answering service",,97935.0,125240.0
48540,0.5650375339402651,"Switchboard operators, including answering service",,35377.0,62610.0
12580,0.6234032099574189,Telephone operators,,837430.0,1343320.0
4900002,0.42439862542955326,Postal service clerks,,8645.0,20370.0
12420,0.699259144130142,"Electronic equipment installers and repairers, motor vehicles",,674855.0,965100.0
26300,0.497880158281515,"Switchboard operators, including answering service",,17615.0,35380.0
14010,0.5631245836109261,"Switchboard operators, including answering service",,50715.0,90060.0
28700,0.7977040600996033,"Switchboard operators, including answering service",,94504.0,118470.0
41540,0.5656346749226007,"Switchboard operators, including answering service",,87696.0,155040.0
5100003,0.6146351324034769,Postmasters and mail superintendents,,30406.0,49470.0
20100,0.4480974842767296,"Switchboard operators, including answering service",,28499.0,63600.0
28420,0.45658900279589937,"Switchboard operators, including answering service",,48992.0,107300.0
13980,0.529748845265589,Sewing machine operators,,36701.0,69280.0
5400002,0.673372333103923,"Switchboard operators, including answering service",,97841.0,145300.0
42220,0.7606764781822877,"Postal service mail sorters, processors, and processing machine operators",,147305.0,193650.0
36500,0.4038424312814557,Sewing machine operators,,41725.0,103320.0
43780,0.9739579407552574,"Postal service mail sorters, processors, and processing machine operators",,129215.0,132670.0
31860,0.5446940356312936,"Postal service mail sorters, processors, and processing machine operators",,28128.0,51640.0
31460,1.655479127134725,Postal service clerks,,69795.0,42160.0
75700,0.6827346301292063,"Postal service mail sorters, processors, and processing machine operators",,192340.0,281720.0
48260,0.6368877551020408,Postal service clerks,,24966.0,39200.0
17780,0.482567264573991,"Electronic equipment installers and repairers, motor vehicles",,51654.0,107040.0
2700003,0.8537590616600147,Photographic process workers and processing machine operators,,104816.0,122770.0
36980,0.5878969072164948,Postal service mail carriers,,28513.0,48500.0
34980,0.8677882876464592,"Postal service mail sorters, processors, and processing machine operators",,791744.0,912370.0
30620,0.5306381209727707,Postal service mail carriers,,25529.0,48110.0
78254,0.4399002064693737,Postal service clerks,,25567.0,58120.0
24340,1.0591541901261836,"Postal service mail sorters, processors, and processing machine operators",,585045.0,552370.0
2700001,0.9586434893889304,"Postal service mail sorters, processors, and processing machine operators",,179784.0,187540.0
40380,0.8615770665312737,"Postal service mail sorters, processors, and processing machine operators",,441205.0,512090.0
17140,0.9313804481276857,"Postal service mail sorters, processors, and processing machine operators",,971020.0,1042560.0
20500,0.5686031420765028,"Switchboard operators, including answering service",,166487.0,292800.0
22540,0.6071428571428571,Sewing machine operators,,27625.0,45500.0
42020,0.7600531443755536,"Switchboard operators, including answering service",,85810.0,112900.0
3900001,1.7238475527793153,"Switchboard operators, including answering service",,436030.0,252940.0
45220,0.531552333373949,"Postal service mail sorters, processors, and processing machine operators",,87249.0,164140.0
0200001,0.5821773735076748,Postal service clerks,,20481.0,35180.0
3500001,0.47696893630373394,"Switchboard operators, including answering service",,30402.0,63740.0
45820,0.58992903930131,"Switchboard operators, including answering service",,64845.0,109920.0
74854,0.3501747844325332,"Switchboard operators, including answering service",,15026.0,42910.0
4500004,0.5777672658467361,Postal service clerks,,30535.0,52850.0
4500001,0.6916543105274306,Sewing machine operators,,32653.0,47210.0
4700001,1.0343930185444912,Sewing machine operators,,132754.0,128340.0
20700,0.38339144797210495,"Switchboard operators, including answering service",,20891.0,54490.0
46140,0.9800849511761582,"Postal service mail sorters, processors, and processing machine operators",,424563.0,433190.0
2200004,0.4924475293339944,"Switchboard operators, including answering service",,29798.0,60510.0
22660,0.4182406727624641,"Postal service mail sorters, processors, and processing machine operators",,62665.0,149830.0
25940,0.3215705216671267,Postal service clerks,,23301.0,72460.0
24540,0.46963040083289953,Postal service clerks,,45108.0,96050.0
0100001,1.0861988486074374,Manufactured building and mobile home installers,,69810.0,64270.0
4500002,1.2194681384846964,"Switchboard operators, including answering service",,97216.0,79720.0
2100001,0.7438750163420055,"Postal service mail sorters, processors, and processing machine operators",,113798.0,152980.0
47380,0.6315370321210513,"Switchboard operators, including answering service",,71370.0,113010.0
5000002,0.6875626162873909,Sewing machine operators,,48040.0,69870.0
2200001,0.321002132196162,Postal service mail carriers,,3011.0,9380.0
11180,0.6274433508812085,Postal service mail carriers,,27413.0,43690.0
2000004,0.8754640907181857,"Switchboard operators, including answering service",,104224.0,119050.0
3500003,0.4692710280373832,Postal service clerks,,12553.0,26750.0
30020,0.595340830846913,"Switchboard operators, including answering service",,25939.0,43570.0
33140,0.7186150409530901,"Switchboard operators, including answering service",,28953.0,40290.0
48620,0.999727254360563,"Postal service mail sorters, processors, and processing machine operators",,296899.0,296980.0
41420,0.631754233067729,"Postal service mail sorters, processors, and processing machine operators",,101485.0,160640.0
45940,0.7068200929409161,"Postal service mail sorters, processors, and processing machine operators",,159706.0,225950.0
14020,0.48843587842846553,Postal service clerks,,32945.0,67450.0
24780,0.5124814063556457,"Switchboard operators, including answering service",,37898.0,73950.0
4900004,0.3388811188811189,Postal service clerks,,14538.0,42900.0
43580,0.5696831521103707,Postal service clerks,,48725.0,85530.0
22744,0.6592875318066158,"Electronic equipment installers and repairers, motor vehicles",,525973.0,797790.0
26820,0.6708126302292033,Sewing machine operators,,41852.0,62390.0
35004,0.8232443694656726,Telephone operators,,1058931.0,1286290.0
12020,0.42677773753470966,"Switchboard operators, including answering service",,35350.0,82830.0
19740,0.6536285736487776,"Postal service mail sorters, processors, and processing machine operators",,925257.0,1415570.0
29460,0.653237613942285,"Switchboard operators, including answering service",,138310.0,211730.0
27140,0.819696796556584,"Postal service mail sorters, processors, and processing machine operators",,215195.0,262530.0
11244,0.9808614766526137,"Electronic equipment installers and repairers, motor vehicles",,1533214.0,1563130.0
48424,0.6029296510543012,"Postal service mail sorters, processors, and processing machine operators",,355421.0,589490.0
40660,0.7419478737997256,Postal service mail carriers,,27044.0,36450.0
22020,0.5758748906386701,"Postal service mail sorters, processors, and processing machine operators",,78987.0,137160.0
13220,0.39043963712491275,Postal service clerks,,16785.0,42990.0
46700,0.5964205295442193,"Switchboard operators, including answering service",,76813.0,128790.0
2700004,1.078675039246468,"Switchboard operators, including answering service",,171779.0,159250.0
46520,0.6224064864864864,"Electronic equipment installers and repairers, motor vehicles",,287863.0,462500.0
4800001,0.6375777834919002,"Switchboard operators, including answering service",,123977.0,194450.0
2100002,0.936907241030523,"Postal service mail sorters, processors, and processing machine operators",,157466.0,168070.0
16020,0.5388188608776844,"Postal service mail sorters, processors, and processing machine operators",,23083.0,42840.0
11700,0.7471930108396699,"Postal service mail sorters, processors, and processing machine operators",,138552.0,185430.0
5600003,0.4117732861012711,Postal service clerks,,19761.0,47990.0
25060,0.7329591018444266,"Postal service mail sorters, processors, and processing machine operators",,109680.0,149640.0
3300003,0.5858742999377723,Postmasters and mail superintendents,,37660.0,64280.0
47894,0.5924820029790941,"Electronic equipment installers and repairers, motor vehicles",,1475689.0,2490690.0
41900,2.52089552238806,Sewing machine operators,,45603.0,18090.0
31420,0.6524841545696176,"Postal service mail sorters, processors, and processing machine operators",,63826.0,97820.0
5400001,0.45245858184227966,"Switchboard operators, including answering service",,34138.0,75450.0
41140,0.5985455232338497,Postal service clerks,,31687.0,52940.0
13740,0.6744727694090382,"Postal service mail sorters, processors, and processing machine operators",,58207.0,86300.0
1700003,0.9068401423970165,"Switchboard operators, including answering service",,106989.0,117980.0
23540,0.464720156555773,"Postal service mail sorters, processors, and processing machine operators",,59368.0,127750.0
29700,0.40137252893577796,Postal service mail carriers,,39186.0,97630.0
4900003,0.33603798014674147,Postal service clerks,,7786.0,23170.0
37340,0.6039712990183865,"Switchboard operators, including answering service",,121211.0,200690.0
11020,0.5788504560316641,"Postal service mail sorters, processors, and processing machine operators",,33637.0,58110.0
14540,0.7672681843420323,"Switchboard operators, including answering service",,55274.0,72040.0
18140,0.7547709774494861,Telephone operators,,772493.0,1023480.0
24140,0.29933497536945813,Postal service mail carriers,,12153.0,40600.0
40900,0.7911804330919965,"Electronic equipment installers and repairers, motor vehicles",,722324.0,912970.0
43340,0.6700898876404494,"Postal service mail sorters, processors, and processing machine operators",,119276.0,178000.0
2900002,0.7784320842028855,"Switchboard operators, including answering service",,85791.0,110210.0
1500001,0.479651042742102,"Switchboard operators, including answering service",,46459.0,96860.0
13820,0.9056579468886247,"Postal service mail sorters, processors, and processing machine operators",,456995.0,504600.0
20260,0.5447215361325791,"Postal service mail sorters, processors, and processing machine operators",,68368.0,125510.0
26580,0.6334146713436023,"Switchboard operators, including answering service",,83066.0,131140.0
17900,0.839009900990099,"Postal service mail sorters, processors, and processing machine operators",,313538.0,373700.0
5500001,0.7474562306900103,Sewing machine operators,,36289.0,48550.0
3900003,0.9266150442477876,"Switchboard operators, including answering service",,125649.0,135600.0
16180,0.5717109992810927,"Switchboard operators, including answering service",,15905.0,27820.0
5300003,0.5386099203919167,Postal service clerks,,17591.0,32660.0
40060,0.7050967378373302,"Electronic equipment installers and repairers, motor vehicles",,450444.0,638840.0
48060,0.44106796116504854,Postal service clerks,,18172.0,41200.0
18700,0.5216823565138172,Postal service mail carriers,,17179.0,32930.0
30460,0.6738500315059861,"Postal service mail sorters, processors, and processing machine operators",,181798.0,269790.0
39140,0.46760587143580223,Postal service clerks,,27715.0,59270.0
5000001,0.7869427640763146,"Postal service mail sorters, processors, and processing machine operators",,84557.0,107450.0
45300,0.7458932270664326,"Electronic equipment installers and repairers, motor vehicles",,943361.0,1264740.0
14260,0.7996929720975742,"Postal service mail sorters, processors, and processing machine operators",,237021.0,296390.0
46660,0.6029956115245182,"Switchboard operators, including answering service",,31603.0,52410.0
73104,0.567167345066789,"Switchboard operators, including answering service",,98931.0,174430.0
11260,0.6199886492622021,"Postal service mail sorters, processors, and processing machine operators",,109242.0,176200.0
36780,1.2403352198519808,"Postal service mail sorters, processors, and processing machine operators",,113962.0,91880.0
3000002,0.5940040947645511,Postmasters and mail superintendents,,20309.0,34190.0
22500,0.602308888623041,"Switchboard operators, including answering service",,50347.0,83590.0
40220,0.7420688304055377,"Postal service mail sorters, processors, and processing machine operators",,113633.0,153130.0
4000002,0.7281544642125113,"Switchboard operators, including answering service",,88813.0,121970.0
75404,0.9505068482550492,"Postal service mail sorters, processors, and processing machine operators",,122834.0,129230.0
5500004,0.9849489249232088,"Switchboard operators, including answering service",,137883.0,139990.0
2600004,1.145454871831694,"Switchboard operators, including answering service",,319055.0,278540.0
33780,0.4122131565527792,Postal service mail carriers,,16167.0,39220.0
0600004,0.90071477195371,Postal service clerks,,26463.0,29380.0
4800002,0.885958325511545,"Switchboard operators, including answering service",,235975.0,266350.0
27340,0.3657079646017699,"Switchboard operators, including answering service",,16530.0,45200.0
31140,0.9162928677932406,"Postal service mail sorters, processors, and processing machine operators",,589946.0,643840.0
36084,0.7680340114724165,"Postal service mail sorters, processors, and processing machine operators",,832810.0,1084340.0
4200003,0.920921873348134,"Switchboard operators, including answering service",,174220.0,189180.0
48140,0.885640362225097,"Postal service mail sorters, processors, and processing machine operators",,61614.0,69570.0
40580,0.7064610866372981,"Postal service mail sorters, processors, and processing machine operators",,38488.0,54480.0
41940,0.738222549572903,"Postal service mail sorters, processors, and processing machine operators",,771760.0,1045430.0
1900004,1.0638328530259367,"Switchboard operators, including answering service",,243639.0,229020.0
25180,0.5459938898196511,"Switchboard operators, including answering service",,55402.0,101470.0
78100,0.8900542949502558,Telephone operators,,283598.0,318630.0
32420,0.7370833333333333,Sewing machine operators,,21228.0,28800.0
22180,0.47178937336192517,"Postal service mail sorters, processors, and processing machine operators",,59403.0,125910.0
18580,0.5429608908494271,"Postal service mail sorters, processors, and processing machine operators",,100931.0,185890.0
2900001,0.9153836349732347,"Switchboard operators, including answering service",,143642.0,156920.0
31084,1.0963843746223851,"Electronic equipment installers and repairers, motor vehicles",,4627367.0,4220570.0
20220,0.5789857589440778,Sewing machine operators,,33338.0,57580.0
3200002,0.6464831804281346,Postal service clerks,,27482.0,42510.0
25260,0.9165961682010451,Postal service mail carriers,,36838.0,40190.0
41700,0.6855418482374844,"Postal service mail sorters, processors, and processing machine operators",,670172.0,977580.0
1200003,0.6344206234381166,"Switchboard operators, including answering service",,48235.0,76030.0
1900002,0.7779612140436882,"Switchboard operators, including answering service",,107911.0,138710.0
16540,0.5729776847977684,Postal service clerks,,32866.0,57360.0
33860,0.8355796618386765,"Postal service mail sorters, processors, and processing machine operators",,137879.0,165010.0
3100004,0.7305786935554581,Postal service clerks,,33329.0,45620.0
14740,0.3272412970910825,Sewing machine operators,,27449.0,83880.0
26380,0.5475639599555061,"Switchboard operators, including answering service",,49226.0,89900.0
0800001,0.6756817165847117,Postmasters and mail superintendents,,45345.0,67110.0
39380,0.4040933635255182,"Switchboard operators, including answering service",,23199.0,57410.0
24500,0.5130313199105145,"Postal service mail sorters, processors, and processing machine operators",,18346.0,35760.0
29180,0.6032876041156295,"Postal service mail sorters, processors, and processing machine operators",,123131.0,204100.0
24580,0.8763284176029963,"Postal service mail sorters, processors, and processing machine operators",,149747.0,170880.0
3100001,0.5457017969888295,"Switchboard operators, including answering service",,22472.0,41180.0
5600004,0.47243088158581115,Sewing machine operators,,18113.0,38340.0
34580,0.39414132379248656,Sewing machine operators,,17626.0,44720.0
42644,0.7056395923428953,"Postal service mail sorters, processors, and processing machine operators",,1120972.0,1588590.0
15980,0.5509932451336984,"Postal service mail sorters, processors, and processing machine operators",,137853.0,250190.0
38540,0.40030581039755353,Postal service mail carriers,,13090.0,32700.0
29540,0.8953765368852459,"Postal service mail sorters, processors, and processing machine operators",,209733.0,234240.0
29940,0.3481212121212121,Postal service mail carriers,,17232.0,49500.0
32820,0.7338970281793992,"Electronic equipment installers and repairers, motor vehicles",,457849.0,623860.0
15940,0.9483902028043569,"Postal service mail sorters, processors, and processing machine operators",,157594.0,166170.0
3700003,1.3055947620167803,"Switchboard operators, including answering service",,333005.0,255060.0
19124,0.8434031135674339,"Electronic equipment installers and repairers, motor vehicles",,2049478.0,2430010.0
4500003,0.6887000662105496,Postal service clerks,,31205.0,45310.0
72850,0.6628061801281246,Sewing machine operators,,52766.0,79610.0
22140,0.4986497380088674,"Switchboard operators, including answering service",,24743.0,49620.0
13900,0.507603283541919,"Postal service mail sorters, processors, and processing machine operators",,37720.0,74310.0
40420,0.804409979770735,"Postal service mail sorters, processors, and processing machine operators",,119294.0,148300.0
4800003,0.6842316130878565,"Switchboard operators, including answering service",,71728.0,104830.0
0400001,0.5584860120680197,"Switchboard operators, including answering service",,50906.0,91150.0
35660,1.0967151495342375,Postal service clerks,,67108.0,61190.0
26140,0.3307138384470883,Postal service clerks,,10563.0,31940.0
2300002,0.7299455155071249,"Switchboard operators, including answering service",,139332.0,190880.0
49620,0.9213577081707724,"Postal service mail sorters, processors, and processing machine operators",,165310.0,179420.0
38660,0.5431366260423348,"Switchboard operators, including answering service",,33870.0,62360.0
76750,0.6369358198591409,"Postal service mail sorters, processors, and processing machine operators",,128419.0,201620.0
25500,0.5534550195567145,Postal service clerks,,33960.0,61360.0
45060,0.7345055017897388,"Postal service mail sorters, processors, and processing machine operators",,221615.0,301720.0
11540,0.8196742671009772,"Switchboard operators, including answering service",,100656.0,122800.0
33220,0.22909620991253643,Postal service mail carriers,,7858.0,34300.0
71654,0.6637232880207207,"Electronic equipment installers and repairers, motor vehicles",,1196713.0,1803030.0
19380,0.8642810915758817,"Postal service mail sorters, processors, and processing machine operators",,320510.0,370840.0
33700,0.9240805197818772,"Switchboard operators, including answering service",,159293.0,172380.0
0800002,0.5098796441653585,Sewing machine operators,,48719.0,95550.0
46340,0.5826424609178014,"Switchboard operators, including answering service",,57769.0,99150.0
0600003,0.7330145016970071,"Postal service mail sorters, processors, and processing machine operators",,71271.0,97230.0
4200002,0.9777812209482492,Sewing machine operators,,157765.0,161350.0
11100,0.45240859469762607,"Postal service mail sorters, processors, and processing machine operators",,52217.0,115420.0
31340,0.7548383828148748,Postal service clerks,,74495.0,98690.0
37620,0.3717515592515592,Postal service mail carriers,,14305.0,38480.0
39580,0.6407511295496918,"Postal service mail sorters, processors, and processing machine operators",,381484.0,595370.0
41500,2.064407910701286,"Switchboard operators, including answering service",,340297.0,164840.0
49700,0.8133680555555556,Postal service clerks,,32795.0,40320.0
5600001,0.421232012118152,Postal service clerks,,16685.0,39610.0
42540,0.9038068890274314,"Postal service mail sorters, processors, and processing machine operators",,231953.0,256640.0
47664,1.0514116379310345,Telephone operators,,1268423.0,1206400.0
41620,0.7727124207055914,"Postal service mail sorters, processors, and processing machine operators",,525004.0,679430.0
36140,0.46162246489859593,Postal service clerks,,17754.0,38460.0
76450,0.500330604534005,"Switchboard operators, including answering service",,63562.0,127040.0
33740,0.6292654337066944,"Switchboard operators, including answering service",,48315.0,76780.0
3600004,0.8662665720988597,"Switchboard operators, including answering service",,158778.0,183290.0
23580,0.7332638292653011,"Switchboard operators, including answering service",,59783.0,81530.0
10740,0.5729197788086066,"Postal service mail sorters, processors, and processing machine operators",,218609.0,381570.0
43300,0.7768199676450196,"Switchboard operators, including answering service",,33613.0,43270.0
24220,0.4473264166001596,"Postal service mail sorters, processors, and processing machine operators",,22420.0,50120.0
0500003,0.8806000223888951,Sewing machine operators,,78664.0,89330.0
7200001,0.049479166666666664,Executive secretaries and executive administrative assistants,,285.0,5760.0
3900002,1.4010959733575536,Photographic process workers and processing machine operators,,462782.0,330300.0
2600003,0.8907095158597663,"Postal service mail sorters, processors, and processing machine operators",,106707.0,119800.0
3000004,0.8229793103448276,Sewing machine operators,,59666.0,72500.0
42200,0.9783829740551807,"Postal service mail sorters, processors, and processing machine operators",,178369.0,182310.0
2700002,0.5190936983714892,Postal service clerks,,21994.0,42370.0
3600001,0.8826663887730999,"Switchboard operators, including answering service",,127051.0,143940.0
74650,0.5455349959774739,"Switchboard operators, including answering service",,27124.0,49720.0
27620,0.5797615747158303,Postal service clerks,,41824.0,72140.0
38300,0.8406161797911375,"Postal service mail sorters, processors, and processing machine operators",,953057.0,1133760.0
17660,0.5840352088367277,Sewing machine operators,,33839.0,57940.0
3100003,0.8228748235805016,"Switchboard operators, including answering service",,75795.0,92110.0
3800001,0.3486258252725319,Postal service clerks,,22706.0,65130.0
39460,0.32648829431438126,Postal service mail carriers,,14643.0,44850.0
21340,0.6949724425325985,"Postal service mail sorters, processors, and processing machine operators",,206796.0,297560.0
4700002,1.046680942184154,Sewing machine operators,,112424.0,107410.0
2900003,0.8418109846610589,"Switchboard operators, including answering service",,136104.0,161680.0
36420,0.8676343696482677,"Postal service mail sorters, processors, and processing machine operators",,526897.0,607280.0
15500,1.4289478128694477,"Switchboard operators, including answering service",,84608.0,59210.0
28020,0.6817636297109404,"Switchboard operators, including answering service",,93163.0,136650.0
35614,0.7729600636455284,"Electronic equipment installers and repairers, motor vehicles",,5091086.0,6586480.0
16940,0.4436495707682148,"Postal service mail sorters, processors, and processing machine operators",,20155.0,45430.0
28140,0.867155180676699,"Electronic equipment installers and repairers, motor vehicles",,904703.0,1043300.0
48700,0.5347233047544817,Postal service clerks,,27442.0,51320.0
0500004,1.0321988995312819,"Switchboard operators, including answering service",,101300.0,98140.0
42100,0.6474725747472575,"Switchboard operators, including answering service",,60202.0,92980.0
24420,0.37945431996692847,"Switchboard operators, including answering service",,9179.0,24190.0
33340,0.9997966343580901,"Postal service mail sorters, processors, and processing machine operators",,840679.0,840850.0
26980,0.3923755930707271,"Switchboard operators, including answering service",,35561.0,90630.0
45540,0.2391304347826087,Postal service mail carriers,,5995.0,25070.0
0800003,0.36398470762012336,"Switchboard operators, including answering service",,41891.0,115090.0
11460,0.45616853879330777,"Switchboard operators, including answering service",,96247.0,210990.0
70750,0.4949556282111163,"Postal service mail sorters, processors, and processing machine operators",,31791.0,64230.0
38900,0.8661507919001191,"Postal service mail sorters, processors, and processing machine operators",,981652.0,1133350.0
29340,0.4701639664259223,Postal service clerks,,48173.0,102460.0
12980,0.41388888888888886,Postal service mail carriers,,22499.0,54360.0
34060,0.319215747539447,Postal service clerks,,20433.0,64010.0
0500002,1.0250181924028525,"Switchboard operators, including answering service",,70429.0,68710.0
29100,0.5663310344827586,"Switchboard operators, including answering service",,41059.0,72500.0
2300001,0.6248173090700674,Sewing machine operators,,43606.0,69790.0
1800002,1.422318676479839,"Switchboard operators, including answering service",,226106.0,158970.0
19300,0.40761741122565864,"Switchboard operators, including answering service",,28468.0,69840.0
29420,0.3602185089974293,Postal service clerks,,16815.0,46680.0
39900,0.7906083846986308,"Postal service mail sorters, processors, and processing machine operators",,168028.0,212530.0
38220,0.43802083333333336,Postal service clerks,,13456.0,30720.0
2600002,0.7574760684913038,Sewing machine operators,,56182.0,74170.0
13140,0.7514748445101299,"Postal service mail sorters, processors, and processing machine operators",,122032.0,162390.0
35840,0.6429081777023203,"Postal service mail sorters, processors, and processing machine operators",,181763.0,282720.0
19780,0.8145911700653335,"Postal service mail sorters, processors, and processing machine operators",,288015.0,353570.0
20994,0.7429989868287741,"Postal service mail sorters, processors, and processing machine operators",,183335.0,246750.0
35100,0.5633895131086142,Postal service clerks,,24068.0,42720.0
34100,0.9506962473448195,Sewing machine operators,,40281.0,42370.0
2500003,0.5424934481467615,Postal service clerks,,14490.0,26710.0
36540,0.8198936522386825,"Postal service mail sorters, processors, and processing machine operators",,396271.0,483320.0
5300002,0.6282686613682407,Sewing machine operators,,40316.0,64170.0
44060,0.7955123377486377,"Postal service mail sorters, processors, and processing machine operators",,179571.0,225730.0
19660,0.6571022128556375,"Switchboard operators, including answering service",,124718.0,189800.0
2600001,0.7864729548502458,"Postal service mail sorters, processors, and processing machine operators",,87967.0,111850.0
11640,0.44603004291845494,Word processors and typists,,12471.0,27960.0
24020,0.6197437390797903,Postal service clerks,,31923.0,51510.0
75550,0.7809568480300187,Photographic process workers and processing machine operators,,49950.0,63960.0
4700004,0.962927085679958,"Switchboard operators, including answering service",,128233.0,133170.0
14500,0.5667706973841004,"Postal service mail sorters, processors, and processing machine operators",,99882.0,176230.0
46540,0.7276997659645603,"Switchboard operators, including answering service",,87062.0,119640.0
27260,0.6334382168764338,"Postal service mail sorters, processors, and processing machine operators",,408669.0,645160.0
2400001,0.462131807586353,"Postal service mail sorters, processors, and processing machine operators",,21808.0,47190.0
3300001,0.5055765086206897,"Switchboard operators, including answering service",,18767.0,37120.0
44100,0.6221105055440707,"Postal service mail sorters, processors, and processing machine operators",,66205.0,106420.0
44220,0.5437032418952619,Postal service mail carriers,,26163.0,48120.0
24660,1.2620275154809606,"Postal service mail sorters, processors, and processing machine operators",,450405.0,356890.0
0100004,0.8423113431419079,"Switchboard operators, including answering service",,70990.0,84280.0
20020,0.7111270381652034,"Switchboard operators, including answering service",,39688.0,55810.0
4700003,1.0213307057057057,"Switchboard operators, including answering service",,108833.0,106560.0
5500003,1.139115629945806,"Switchboard operators, including answering service",,237517.0,208510.0
1700002,0.699406955320129,"Switchboard operators, including answering service",,121473.0,173680.0
49020,0.41133274492497796,Postal service clerks,,23302.0,56650.0
19500,0.3080542428600781,Postal service mail carriers,,14993.0,48670.0
40980,0.4731917872141857,"Postal service mail sorters, processors, and processing machine operators",,40562.0,85720.0
10580,0.782547287066959,"Postal service mail sorters, processors, and processing machine operators",,346285.0,442510.0
3100002,0.8575433041534737,"Postal service mail sorters, processors, and processing machine operators",,92083.0,107380.0
